[{
    "id": 1,
    "titill": "Tender-Strendingur",
    "linkur": "https://tolvubraut.github.io/VEF4-Haust19-TenderStrendingur/",
    "mynd": "1.png",
    "hofundur": ["Kypler Lloyd","Pétur Steinn Guðmundsson","Róbert Ingi Hálfdanarson"],
    "dagsetning": "2019-12",
    "afangi": "VEFÞ3VÞ05(DU)",
    "afangaheiti": "Vefforritun II",
    "flokkur": ["Vefþróun", "Vefforritun"],
    "show": true 
},
{
    "id": 2,
    "titill": "Amigo",
    "linkur": "https://github.com/tolvubraut/VEF4-Haust19-amigo/wiki/Sk%C3%BDrsla",
    "mynd": "2.png",
    "hofundur": ["Reyn Alpha", "Victor Wahid", "Birkir Arndal"],
    "dagsetning": "2019-12",
    "afangi": "VEFÞ3VÞ05(DU)",
    "afangaheiti": "Vefforritun II",
    "flokkur": ["Vefþróun", "vefforritun"],
    "show": true 
},
{
    "id": 3,
    "titill": "Rafhjól vefapp",
    "linkur": "https://github.com/tolvubraut/VEF4-Haust19-RafmHjolaApp/wiki/Website-aims,-functions,-and-notes.",
    "mynd": "3.png",
    "hofundur": ["Torfi"],
    "dagsetning": "2019-12",
    "afangi": "VEFÞ3VÞ05(DU)",
    "afangaheiti": "Vefforritun II",
    "flokkur": ["Vefþróun", "Vefforritun"],
    "show": true 
},
{
    "id": 4,
    "titill": "Platformer leikur",
    "linkur": "https://tolvubraut.github.io/FORR2GL-Vor19-Mikael/",
    "mynd": "4.png",
    "hofundur": ["Mikael"],
    "dagsetning": "2019-04",
    "afangi": "FORR2GL05(DU)",
    "afangaheiti": "Leikjaforritun I",
    "flokkur": ["Leikjaforritun", "Unity"],
    "show": true 
},
{
    "id": 5,
    "titill": "Super Mario Bros. U",
    "linkur": "https://tolvubraut.github.io/FORR2GL-Vor19-SuperMario64U/",
    "mynd": "5.gif",
    "hofundur": ["Reyn Alpha"],
    "dagsetning": "2019-04",
    "afangi": "FORR2GL05(DU)",
    "afangaheiti": "Leikjaforritun I",
    "flokkur": ["Leikjaforritun", "Unity"],
    "show": true 
},
{
    "id": 6,
    "titill": "Raid 51",
    "linkur": "https://tolvubraut.github.io/FORR3FL-Haust19-Raid-51/",
    "mynd": "6.gif",
    "hofundur": ["Mikael Andri Ingason", "Hrólfur Gylfason"],
    "dagsetning": "2019-12",
    "afangi": "FORR3FL05(EU)",
    "afangaheiti": "Leikjaforritun II",
    "flokkur": ["Leikjaforritun", "Unity"],
    "show": true 
},
{
    "id": 7,
    "titill": "Euphoria",
    "linkur": "https://tolvubraut.github.io/FORRFL-H19-EUPHORIA/",
    "mynd": "7.png",
    "hofundur": ["Tumi", "Jóhannes"],
    "dagsetning": "2019-12",
    "afangi": "FORR3FL05(EU)",
    "afangaheiti": "Leikjaforritun II",
    "flokkur": ["Leikjaforritun", "Unity"],
    "show": true 
},
{
    "id": 8,
    "titill": "Landvættir",
    "linkur": "https://tolvubraut.github.io/FORR3FL-H19-Landvaettir/",
    "mynd": "8.jpg",
    "hofundur": ["Ingólfur", "Kaj"],
    "dagsetning": "2019-12",
    "afangi": "FORR3FL05(EU)",
    "afangaheiti": "Leikjaforritun II",
    "flokkur": ["Leikjaforritun", "Unity"],
    "show": true 
},
{
    "id": 9,
    "titill": "VMF Leap Motion",
    "linkur": "https://tolvubraut.github.io/FORR3FV-Haust19-LeapMotion/",
    "mynd": "9.png",
    "hofundur": ["Victor Wahid Ívarsson","Birkir Arndal"],
    "dagsetning": "2019-12",
    "afangi": "FORR3FV05(EU)",
    "afangaheiti": "Viðmótsforritun",
    "flokkur": [""],
    "show": true 
},
{
    "id": 10,
    "titill": "Sphero með handapati",
    "linkur": "https://tolvubraut.github.io/FORR3FV-Vor19-AtliKolbeinn/",
    "mynd": "10.gif",
    "hofundur": ["Ati Óskarsson","Kolbeinn Ingólfsson"],
    "dagsetning": "2019-05",
    "afangi": "FORR3FV05(EU)",
    "afangaheiti": "Viðmótsforritun",
    "flokkur": [""],
    "show": true 
},
{
    "id": 11,
    "titill": "LED Matrix Snake",
    "linkur": "https://tolvubraut.github.io/FORR3FV-Haust19-LEDMatrixSnake/",
    "mynd": "11.png",
    "hofundur": ["Reyn Alpha"],
    "dagsetning":"2019-12",
    "afangi": "FORR3FV05(EU)",
    "afangaheiti": "Viðmótsforritun",
    "flokkur": [""],
    "show": true 
},
{
    "id": 12,
    "titill": "Þráðlaus hanski",
    "linkur": "https://tolvubraut.github.io/FORR3FV-Vor19-Glove/",
    "mynd": "12.gif",
    "hofundur": ["Róbert Ingi Hálfdanarson", "Pétur Steinn Guðmundsson"],
    "dagsetning": "2019-05",
    "afangi": "FORR3FV05(EU)",
    "afangaheiti": "Viðmótsforritun",
    "flokkur": [""],
    "show": true 
},
{
    "id": 13,
    "titill": "Magic Mirror",
    "linkur": "https://tolvubraut.github.io/FORR3FV-Vor19-MagicMirror/",
    "mynd": "13.jpg",
    "hofundur": ["Sighvatur Sveinsson"],
    "dagsetning": "2019-05",
    "afangi": "FORR3FV05(EU)",
    "afangaheiti": "Viðmótsforritun",
    "flokkur": [""],
    "show": true 
},
{
    "id": 14,
    "titill": "Webcam FBT",
    "linkur": "https://tolvubraut.github.io/FORR3FV-Haust19-WebcamFBT/",
    "mynd": "14.gif",
    "hofundur": ["Hrólfur Gylfason"],
    "dagsetning": "2019-12",
    "afangi": "FORR3FV05(EU)",
    "afangaheiti": "Viðmótsforritun",
    "flokkur": [""],
    "show": true 
},
{
    "id": 15,
    "titill": "RFID Reader & stofutafla",
    "linkur": "https://github.com/tolvubraut/FORR3FV-Haust17-RFIDReader/wiki",
    "mynd": "15.jpg",
    "hofundur": ["Styrmir Óli Þorsteinsson","Bjarki Fannar Snorrason "],
    "dagsetning": "2017-12",
    "afangi": "FORR3FV05(EU)",
    "afangaheiti": "Viðmótsforritun",
    "flokkur": ["Raspberry Pi"],
    "show": true 
},
{
    "id": 16,
    "titill": "AR fjarstýring",
    "linkur": "https://tolvubraut.github.io/FORR3FV-Vor19-SkywriteARFjarstyringVefur/",
    "mynd": "16.png",
    "hofundur": ["Andri Fannar Pétursson"],
    "dagsetning":"2019-05",
    "afangi": "FORR3FV05(EU)",
    "afangaheiti": "Viðmótsforritun",
    "flokkur": ["Arduino", "Unity"],
    "show": true 
},
{
    "id": 17,
    "titill": "SVG símaleikur",
    "linkur": "https://tolvubraut.github.io/FORR3FV-H17-SVGLeikur/",
    "mynd": "17.png",
    "hofundur": ["Mikael Máni"],
    "dagsetning":"2017-12",
    "afangi": "FORR3FV05(EU)",
    "afangaheiti": "Viðmótsforritun",
    "flokkur": ["SVG", "JavaScript"],
    "show": true 
},
{
    "id": 18,
    "titill": "Áttaviti",
    "linkur": "https://tolvubraut.github.io/FORR3FV-H17-Attavitaleikur/",
    "mynd": "18.png",
    "hofundur": ["Guðni Nathan"],
    "dagsetning": "2017-12",
    "afangi": "FORR3FV05(EU)",
    "afangaheiti": "Viðmótsforritun",
    "flokkur": ["SVG", "JavaScript"],
    "show": true 
},
{
    "id": 19,
    "titill": "Jólasveinn",
    "linkur": "https://github.com/tolvubraut/VESM1VS-Haust19-Jolasveinn/",
    "mynd": "19.gif",
    "hofundur": ["Kacper"],
    "dagsetning": "2019-12",
    "afangi": "VESM1VS05(AU)",
    "afangaheiti": "Verksmiðja I",
    "flokkur": ["Arduino"],
    "show": true 
},
{
    "id": 20,
    "titill": "Crawler",
    "linkur": "https://github.com/tolvubraut/VESM1-V22-Crawler/blob/main/README.md#vi%C3%B0-bjuggum-til-beinagrinda-animatronic-me%C3%B0-pvc-p%C3%ADpum-vex-kerfinu-og-arduino-k%C3%B3%C3%B0un",
    "mynd": "20.jpg",
    "hofundur": ["Benedikt Sólon Jónsson", "Ísak Máni Guðmundsson", "Þorvaldur Breki Lárusson"],
    "dagsetning": "2022-04",
    "afangi": "VESM1VS05(AU)",
    "afangaheiti": "Verksmiðja I",
    "flokkur": ["Arduino"],
    "show": true 
},
{
    "id": 21,
    "titill": "Rocker",
    "linkur": "https://github.com/tolvubraut/VESM3-V22-Rocker#verksmi%C3%B0ja-i---lokaverkefni",
    "mynd": "21.jpg",
    "hofundur": ["Ólafur Snær", "Ágúst Jóhannsson"],
    "dagsetning": "2022-03",
    "afangi": "VESM1VS05(AU)",
    "afangaheiti": "Verksmiðja I",
    "flokkur": ["Arduino"],
    "show": true 
},
{
    "id": 22,
    "titill": "Lasertag",
    "linkur": "https://github.com/tolvubraut/VESM3-H21-Lasertag#readme",
    "mynd": "22.jpg",
    "hofundur": ["Sveinn Óli", "Bjartur Sigurjónsson"],
    "dagsetning": "2021-12",
    "afangi": "VESM2VÞ05(CU)",
    "afangaheiti": "Verksmiðja III",
    "flokkur": ["Raspberry Pi", "ESP32", "C++", "Python"],
    "show": true 
},
{
    "id": 23,
    "titill": "Dyrabjalla",
    "linkur": "https://github.com/tolvubraut/VESM3-H21-Dyrabjalla#readme",
    "mynd": "23.jpg",
    "hofundur": ["Andri Benedikt","Viktor Andri"],
    "dagsetning": "2021-12",
    "afangi": "VESM2VÞ05(CU)",
    "afangaheiti": "Verksmiðja III",
    "flokkur": ["Raspberry Pi"],
    "show": true 
},
{
    "id": 24,
    "titill": "IoT Sjálfssali",
    "linkur": "https://github.com/tolvubraut/VESM3-H21-Sjalfsali#readme",
    "mynd": "24.jpeg",
    "hofundur": ["Lúkas Máni Gíslason","Jón Logi Dagbjartsson"],
    "dagsetning": "2021-12",
    "afangi": "VESM2VÞ05(CU)",
    "afangaheiti": "Verksmiðja III",
    "flokkur": ["ESP32","Python","C++"],
    "show": true 
},
{
    "id": 25,
    "titill": "Veður vefþjónusta",
    "linkur": "https://github.com/tolvubraut/VESM3-V22-Vedurtjonusta#lokaverkefni",
    "mynd": "25.jpg",
    "hofundur": ["Rafal"],
    "dagsetning": "2022-03",
    "afangi": "VESM2VÞ05(CU)",
    "afangaheiti": "Verksmiðja III",
    "flokkur": ["Python","Raspberry Pi"],
    "show": true 
},
{
    "id": 26,
    "titill": "Pong með Leap Motion",
    "linkur": "https://github.com/tolvubraut/VESM3-V22-Pong#vesm3-vor%C3%B6nn-2022-pong",
    "mynd": "26.png",
    "hofundur": ["Anton Benediktsson","Þórhallur"],
    "dagsetning": "2022-02",
    "afangi": "VESM2VÞ05(CU)",
    "afangaheiti": "Verksmiðja III",
    "flokkur": ["Python", "Raspberry Pi"],
    "show": true 
}
]
