[{
    "id": 1,
    "titill": "Tender-Strendingur",
    "linkur": "https://tolvubraut.github.io/VEF4-Haust19-TenderStrendingur/",
    "mynd": "1.png",
    "hofundur": ["Kypler Lloyd","Pétur Steinn Guðmundsson","Róbert Ingi Hálfdanarson"],
    "dagsetning": "2019-12",
    "afangi": "VEFÞ3VÞ05(DU)",
    "afangaheiti": "Vefforritun II",
    "flokkur": ["Vefþróun", "Forritun"],
    "show": true 
},
{
    "id": 2,
    "titill": "Amigo",
    "linkur": "https://github.com/tolvubraut/VEF4-Haust19-amigo/wiki/Sk%C3%BDrsla",
    "mynd": "2.png",
    "hofundur": ["Reyn Alpha", "Victor Wahid", "Birkir Arndal"],
    "dagsetning": "2019-12",
    "afangi": "VEFÞ3VÞ05(DU)",
    "afangaheiti": "Vefforritun II",
    "flokkur": ["Vefþróun", "Forritun"],
    "show": true 
},
{
    "id": 3,
    "titill": "Rafhjól vefapp",
    "linkur": "https://github.com/tolvubraut/VEF4-Haust19-RafmHjolaApp/wiki/Website-aims,-functions,-and-notes.",
    "mynd": "3.png",
    "hofundur": ["Torfi"],
    "dagsetning": "2019-12",
    "afangi": "VEFÞ3VÞ05(DU)",
    "afangaheiti": "Vefforritun II",
    "flokkur": ["Vefþróun", "Forritun"],
    "show": true 
},
{
    "id": 4,
    "titill": "Platformer leikur",
    "linkur": "https://tolvubraut.github.io/FORR2GL-Vor19-Mikael/",
    "mynd": "4.png",
    "hofundur": ["Mikael"],
    "dagsetning": "2019-04",
    "afangi": "FORR2GL05(DU)",
    "afangaheiti": "Leikjaforritun I",
    "flokkur": ["Leikjaforritun", "Forritun"],
    "show": true 
},
{
    "id": 5,
    "titill": "Super Mario Bros. U",
    "linkur": "https://tolvubraut.github.io/FORR2GL-Vor19-SuperMario64U/",
    "mynd": "5.gif",
    "hofundur": ["Reyn Alpha"],
    "dagsetning": "2019-04",
    "afangi": "FORR2GL05(DU)",
    "afangaheiti": "Leikjaforritun I",
    "flokkur": ["Leikjaforritun", "Forritun"],
    "show": true 
},
{
    "id": 6,
    "titill": "Raid 51",
    "linkur": "https://tolvubraut.github.io/FORR3FL-Haust19-Raid-51/",
    "mynd": "6.gif",
    "hofundur": ["MIKAEL ANDRI INGASON", "HRÓLFUR GYLFASON"],
    "dagsetning": "2019-12",
    "afangi": "FORR3FL05(EU)",
    "afangaheiti": "Leikjaforritun II",
    "flokkur": ["Leikjaforritun", "Forritun"],
    "show": true 
},
{
    "id": 7,
    "titill": "Euphoria",
    "linkur": "https://tolvubraut.github.io/FORRFL-H19-EUPHORIA/",
    "mynd": "7.png",
    "hofundur": ["Tumi", "Jóhannes"],
    "dagsetning": "2019-12",
    "afangi": "FORR3FL05(EU)",
    "afangaheiti": "Leikjaforritun II",
    "flokkur": ["Leikjaforritun", "Forritun"],
    "show": true 
},
{
    "id": 8,
    "titill": "Landvættir",
    "linkur": "https://tolvubraut.github.io/FORR3FL-H19-Landvaettir/",
    "mynd": "8.jpg",
    "hofundur": ["Ingólfur", "Kaj"],
    "dagsetning": "2019-12",
    "afangi": "FORR3FL05(EU)",
    "afangaheiti": "Leikjaforritun II",
    "flokkur": ["Leikjaforritun", "Forritun"],
    "show": true 
},
{
    "id": 9,
    "titill": "VMF Leap Motion Verkefni",
    "linkur": "https://tolvubraut.github.io/FORR3FV-Haust19-LeapMotion/",
    "mynd": "9.png",
    "hofundur": ["Victor Wahid Ívarsson","Birkir Arndal"],
    "dagsetning": "2019-12",
    "afangi": "FORR3FV05(EU)",
    "afangaheiti": "Viðmótsforritun",
    "flokkur": ["Forritun"],
    "show": true 
},
{
    "id": 10,
    "titill": "",
    "linkur": "",
    "mynd": "9.png",
    "hofundur": [""],
    "dagsetning": "",
    "afangi": "",
    "afangaheiti": "",
    "flokkur": [""],
    "show": true 
},
{
    "id": 11,
    "titill": "",
    "linkur": "",
    "mynd": "9.png",
    "hofundur": [""],
    "dagsetning": "",
    "afangi": "",
    "afangaheiti": "",
    "flokkur": [""],
    "show": true 
},
{
    "id": 12,
    "titill": "",
    "linkur": "",
    "mynd": "9.png",
    "hofundur": [""],
    "dagsetning": "",
    "afangi": "",
    "afangaheiti": "",
    "flokkur": [""],
    "show": true 
},
{
    "id": 13,
    "titill": "",
    "linkur": "",
    "mynd": "9.png",
    "hofundur": [""],
    "dagsetning": "",
    "afangi": "",
    "afangaheiti": "",
    "flokkur": [""],
    "show": true 
},
{
    "id": 14,
    "titill": "",
    "linkur": "",
    "mynd": "9.png",
    "hofundur": [""],
    "dagsetning": "",
    "afangi": "",
    "afangaheiti": "",
    "flokkur": [""],
    "show": true 
},
{
    "id": 15,
    "titill": "",
    "linkur": "",
    "mynd": "9.png",
    "hofundur": [""],
    "dagsetning": "",
    "afangi": "",
    "afangaheiti": "",
    "flokkur": [""],
    "show": true 
},
{
    "id": 16,
    "titill": "",
    "linkur": "",
    "mynd": "9.png",
    "hofundur": [""],
    "dagsetning": "",
    "afangi": "",
    "afangaheiti": "",
    "flokkur": [""],
    "show": true 
},
{
    "id": 17,
    "titill": "",
    "linkur": "",
    "mynd": "9.png",
    "hofundur": [""],
    "dagsetning": "",
    "afangi": "",
    "afangaheiti": "",
    "flokkur": [""],
    "show": true 
}
]
