[{
    "id": 1,
    "titill": "Tender-Strendingur",
    "linkur": "https://tolvubraut.github.io/VEF4-Haust19-TenderStrendingur/",
    "mynd": "1.png",
    "hofundur": ["Kypler Lloyd","Pétur Steinn Guðmundsson","Róbert Ingi Hálfdanarson"],
    "dagsetning": "2019-12",
    "afangi": "VEFÞ3VÞ05(DU)",
    "afangaheiti": "Vefforritun II",
    "flokkur": ["Vefþróun"],
    "show": true 
},
{
    "id": 2,
    "titill": "Amigo",
    "linkur": "https://github.com/tolvubraut/VEF4-Haust19-amigo/wiki/Sk%C3%BDrsla",
    "mynd": "2.png",
    "hofundur": ["Reyn Alpha", "Victor Wahid", "Birkir Arndal"],
    "dagsetning": "2019-12",
    "afangi": "VEFÞ3VÞ05(DU)",
    "afangaheiti": "Vefforritun II",
    "flokkur": ["Vefþróun"],
    "show": true 
},
{
    "id": 3,
    "titill": "",
    "linkur": "",
    "mynd": "3.png",
    "hofundur": [""],
    "dagsetning": "",
    "afangi": "",
    "afangaheiti": "",
    "flokkur": [""],
    "show": true 
},
{
    "id": 4,
    "titill": "",
    "linkur": "",
    "mynd": "4.png",
    "hofundur": [""],
    "dagsetning": "",
    "afangi": "",
    "afangaheiti": "",
    "flokkur": [""],
    "show": true 
},
{
    "id": 5,
    "titill": "",
    "linkur": "",
    "mynd": "5.png",
    "hofundur": [""],
    "dagsetning": "",
    "afangi": "",
    "afangaheiti": "",
    "flokkur": [""],
    "show": true 
}
]
