[
    {
        "name": "Vetrarhátíð",
        "description": "Þessi hátíð ljóss og myrkurs samstendur af þrem meginstoðum: Safnanótt, Sundlauganótt og ljósalist ásamt yfir 150 viðburðum þar sem fjöldi listamanna tekur þátt í að skapa einstaka stemningu í borginni.",
        "events": ["list", "tónlist", "tónleikar", "sýningar", "bókmenntir", "bækur", "dans", "Fjölskylda", "myndlist", "sviðslist", "fjölmenning"],
        "imageUrl": "https://reykjavik.is/sites/default/files/styles/super_hero_4k/public/2024-02/vetrarhatid_2025_vefur_fb_bannerar-01.jpg?h=94f697f0&itok=EbT0zAPk",
        "date": "2025-02-06",
        "location": {
            "city": "Reykjavik",
            "latitude": 64.1334671,
            "longitude": -21.9348417
        },
        "url": "https://reykjavik.is/vetrarhatid"
    },
    {
        "name": "Food and Fun",
        "description": "Matarhátíð í Reykjavík. Kokkar keppast um að matreiða flottasta diskinn. Ekki kannski þessi týpíska útihátíð en hér þarf að flakka á milli staða enda ekkert sumarveður úti.",
        "events": ["matur", "keppni"],
        "imageUrl": "https://media.graphassets.com/output=format:webp/CV5X5wR9T7mofF2m8b7e",
        "date": "2025-03-26",
        "location": {
            "city": "Reykjavik",
            "latitude": 64.1334671,
            "longitude": -21.9348417
        },
        "url": "https://www.facebook.com/FoodFunFestival"
    },
    {
        "name": "Aldrei fór ég suður",
        "description": "Sannkölluð rokkhátíð sem haldin er 18.-19. apríl 2025. Viðburðurinn sameinar orku, háa tónlist og skemmtilega sýningar, með stuðningi frá Ísafjarðarbæ.",
        "events": ["tónlist", "tónleikar", "rock", "sýningar"],
        "imageUrl": "https://i0.wp.com/grapevine.is/wp-content/uploads/aldrei-1.jpg?fit=543%2C500&quality=99&ssl=1",
        "date": "2025-04-18",
        "location": {
            "city": "Ísafjörður",
            "latitude": 66.0667,
            "longitude": -23.1333
        },
        "url": "https://aldrei.is/"
    },
    {
        "name": "Vor í Árborg",
        "description": "Bæjar- og menningarhátíð haldin í Selfossi, með listum, tónlist og fjölbreyttum menningaratriðum í samkomu Sveitarfélagsins Árborg.",
        "events": ["bæjarhátíð", "menning", "tónlist", "viðburður"],
        "imageUrl": "https://www.arborg.is/media/vor-i-arborg/xlarge/vor-i-arborg-2024.png",
        "date": "2025-04-15",
        "location": {
            "city": "Selfoss",
            "latitude": 63.9333,
            "longitude": -21.0833
        },
        "url": "https://www.arborg.is/mannlif/vidburdir-og-frettir/hatidir/vor-i-arborg"
    },
    {
        "name": "Sumardagurinn fyrsti",
        "description": "Viðburðurinn fagnar byrjun sumarsins með fjölbreyttum viðburðum og góðum stemmingum, haldinn víða um land.",
        "events": ["sumardagurinn", "tónlist", "menning", "viðburður"],
        "imageUrl": "https://kopar.is/wp-content/uploads/2016/04/sumr.jpg",
        "date": "2025-04-10",
        "location": {
            "city": "Reykjavik",
            "latitude": 64.1334671,
            "longitude": -21.9348417
        },
        "url": "https://www.facebook.com/search/events?q=sumardagurinn%20fyrsti"
    },
    {
        "name": "Skjálfandi Festival",
        "description": "Fjölbreytt listahátíð í samkomuhúsinu á Húsavík þar sem listamenn frá ýmsum greinum taka þátt.",
        "events": ["list", "tónlist", "myndlist", "leiklist", "kvikmyndalist", "ljósmyndun"],
        "imageUrl": "https://www.nordurthing.is/static/news/skjalfandi2017_haus.png",
        "date": "2025-05-10",
        "location": {
            "city": "Húsavík",
            "latitude": 66.0446,
            "longitude": -17.3389
        },
        "url": "https://www.facebook.com/skjalfandiartfestival/"
    },
    {
        "name": "Sjóarinn síkáti",
        "description": "Fjölbreytt bæjarhátíð í Grindavík með sjómannadagsstemningu og fjölmörgum viðburðum, haldin í fyrstu helgin í júní (30. maí–1. júní).",
        "events": ["bæjarhátíð", "sjómannadagur", "viðburður"],
        "imageUrl": "https://www.vf.is/media/1/sjoarinn2011_fo002.jpg",
        "date": "2025-06-01",
        "location": {
            "city": "Grindavík",
            "latitude": 63.83,
            "longitude": -22.4833
        },
        "url": "https://www.facebook.com/sjoarinnsikati.is"
    },
    {
        "name": "Sjómannadagurinn Reykjavík",
        "description": "Sjómannadagurinn í Reykjavík fagnar sjómönnum með hefðbundnum flugeldum, tónlist og sjómannatengdri stemningu. Viðburðurinn er hluti af hátíðinni sem heiðrar sjómennskuna á Íslandi.",
        "events": ["sjómannadagur", "tónlist", "viðburður", "menning"],
        "imageUrl": "https://hafnarfjordur.is/wp-content/uploads/2023/05/Sjomannadagurinn-i-Hafnarfirdi-1800x1199.jpg",
        "date": "2025-06-01",
        "location": {
          "city": "Reykjavik",
          "latitude": 64.1334671,
          "longitude": -21.9348417
        },
        "url": "https://sjomannadagurinn.is/"
    },
    {
        "name": "Reykjavík Airshow",
        "description": "Spennandi flughátíð á Reykjavíkurvelli með sýningum og topgun viðburðum sem boða upp á stórkostlega flugreynslu.",
        "events": ["flug", "airshow", "viðburður"],
        "imageUrl": "https://images.squarespace-cdn.com/content/v1/5ae9d6e4fcf7fdb1e31d16ed/1525650005499-ONL40YQLMQ41VAS617AP/fb_share.png",
        "date": "2025-06-08",
        "location": {
            "city": "Reykjavik",
            "latitude": 64.1334671,
            "longitude": -21.9348417
        },
        "url": "https://www.reykjavikairshow.is/"
    },
    {
        "name": "Fjör í Flóa",
        "description": "Fjölskyldu- og menningarhátíð í Flóamannahreppi með morgunmatsviðburðum, listasýningum og markaði.",
        "events": ["fjölskylda", "menning", "matur", "viðburður"],
        "imageUrl": "https://www.floahreppur.is/static/files/_blob/8z1yi5azmx6j0fdrll4ki.png",
        "date": "2025-06-02",
        "location": {
            "city": "Flóamannahreppur",
            "latitude": 63.8,
            "longitude": -20.0
        },
        "url": "https://www.facebook.com/profile.php?id=100043648871277#"
    },
    {
        "name": "Sátan",
        "description": "Alvöru metal hátíð fyrir þá hörðustu, haldin á annan helgi í júní (6.–8. júní) með hressum og kraftmiklum tónleikum.",
        "events": ["metal", "tónlist", "hátíð"],
        "imageUrl": "https://glaze-public-prod-resources.s3.eu-west-1.amazonaws.com/org-resources/eb8b80a8-e63d-4647-8636-b07b00c60d9d/77527b6a-577a-4780-90ae-1846ac0cca76.jpg",
        "date": "2025-06-05",
        "location": {
            "city": "Stykkishólmur",
            "latitude": 65.0727,
            "longitude": -22.7327
        },
        "url": "https://www.facebook.com/SatanMetalFestival"
    },
    {
        "name": "Bíladagar á Akureyri",
        "description": "Hátíð fyrir bifreiðaunnendur í Akureyri með kappakstri, sýningum og fjölbreyttum áhugaverðum viðburðum.",
        "events": ["bíladagar", "bifreiðir", "viðburður", "keppni"],
        "imageUrl": "https://www.akureyri.net/static/gallery/17-juni-2024/lg/17-juni-24-10.jpg",
        "date": "2025-06-13",
        "location": {
            "city": "Akureyri",
            "latitude": 65.6833,
            "longitude": -18.1
        },
        "url": "https://www.facebook.com/bilaklubbur.akureyrar/"
    },
    {
        "name": "Víkingahátíðin í Hafnarfirði",
        "description": "Hátíð í Hafnarfirði með bardagasýningum, leikjasýningum, sögumönnum og víkingaskóli fyrir börn.",
        "events": ["víking", "tónlist", "viðburður", "menning"],
        "imageUrl": "https://hafnarfjordur.is/wp-content/uploads/2023/06/Vikingahatid-a-Vidistadatuni-1800x1200.jpg",
        "date": "2025-06-13",
        "location": {
            "city": "Hafnarfjörður",
            "latitude": 64.067,
            "longitude": -21.9333
        },
        "url": "https://www.facebook.com/rimmugygur/"
    },
    {
        "name": "Upp í sveit",
        "description": "Sveitahátíð í Skeiða og Gnúpverjahreppi sem býður upp á fjölbreytt forrit fyrir fjölskyldur og gesti.",
        "events": ["sveit", "viðburður", "menning", "fjölskylda"],
        "imageUrl": "https://www.skeidgnup.is/static/files/_blob/tg9za6nc7ary5unys1mt6q.jpeg",
        "date": "2025-06-14",
        "location": {
            "city": "Skeiða",
            "latitude": 65.0,
            "longitude": -20.5
        },
        "url": "https://www.facebook.com/upp.i.sveit.skeidgnup/"
    },
    {
        "name": "17 Júní",
        "description": "Þjóðhátíðardagur Íslendinga, haldinn 17. júní, fagnar þjóðinni með hátíðarhöldum, veislum og fjölbreyttum menningarviðburðum um allt land – sérstaklega í bæjum og borgum.",
        "events": ["þjóðhátíð", "menning", "viðburður", "fjölskylda"],
        "imageUrl": "https://www.hvolsvollur.is/static/news/lg/1718201614_17.-juni-fanar.jpg",
        "date": "2025-06-17",
        "location": {
          "city": "Reykjavik",
          "latitude": 64.1334671,
          "longitude": -21.9348417
        },
        "url": "https://reykjavik.is/17juni"
    },
    {
        "name": "Hofsós heim",
        "description": "Bæjarhátíð á Hofsósi sem býður upp á varðeld, sjósundi, markaði og margvíslega menningarviðburði.",
        "events": ["bæjarhátíð", "viðburður", "fjölskylda", "menning"],
        "imageUrl": "https://www.skagafjordur.is/static/extras/images/hofsos-heim2372.jpg",
        "date": "2025-06-20",
        "location": {
            "city": "Hofsós",
            "latitude": 65.4,
            "longitude": -16.8333
        },
        "url": "https://www.facebook.com/hofsosheim/"
    },
    {
        "name": "Hamingjudagar",
        "description": "Frábær bæjarhátíð á Hólmavík fyrir alla fjölskylduna með fjölbreyttum forritum, skemmtunum og góðri stemningu.",
        "events": ["bæjarhátíð", "menning", "viðburður", "fjölskylda"],
        "imageUrl": "https://www.bb.is/wp-content/uploads/2018/06/hamingjudagar.jpg",
        "date": "2025-06-24",
        "location": {
            "city": "Hólmavík",
            "latitude": 65.9333,
            "longitude": -22.2667
        },
        "url": "https://www.facebook.com/hamingjudagar"
    },
    {
        "name": "Þjóðhátíð í Eyjum",
        "description": "Stór útihátíð haldin í Herjólfsdal í Vestmannaeyjum með tónleikum, brekkusöng og flugeldasýningu.",
        "events": ["tónleikar", "brekkusöngur", "flugeldasýning"],
        "imageUrl": "https://www.visir.is/i/94D202F15EB406970F0B19772FEB3D16954D1577F3C2709BB40BE74CD3A33D68_713x0.jpg",
        "date": "2025-08-01",
        "location": {
            "city": "Vestmannaeyjar",
            "latitude": 63.4427,
            "longitude": -20.2734
        },
        "url": "https://www.dalurinn.is"
    },
    {
        "name": "Aldrei fór ég suður",
        "description": "Rokkhátíð haldin á Ísafirði yfir páskahelgina með fjölbreyttum tónlistaratriðum.",
        "events": ["tónleikar", "listviðburðir"],
        "imageUrl": "https://images.squarespace-cdn.com/content/v1/5f67952608d9df3d7a86a6a7/1714384388099-0HJJXJZHRI3QVD1KBNXM/_A1_5009.jpg?format=1000w",
        "date": "2025-04-18",
        "location": {
            "city": "Ísafjörður",
            "latitude": 66.0758,
            "longitude": -23.1356
        },
        "url": "https://www.aldrei.is"
    },
    {
        "name": "Secret Solstice",
        "description": "Tónlistarhátíð í Reykjavík sem fagnar sumarsólstöðum með alþjóðlegum og innlendum listamönnum.",
        "events": ["tónleikar", "næturklúbbar"],
        "imageUrl": "https://i0.wp.com/secretsolstice.is/wp-content/uploads/2015/01/001-2.jpg?fit=800%2C533&ssl=1",
        "date": "2025-06-20",
        "location": {
            "city": "Reykjavík",
            "latitude": 64.1466,
            "longitude": -21.9426
        },
        "url": "https://secretsolstice.is"
    },
    {
        "name": "Eistnaflug",
        "description": "Þungarokkshátíð haldin í Neskaupstað með áherslu á þungarokk og jaðartónlist.",
        "events": ["tónleikar", "hljómsveitarkeppni"],
        "imageUrl": "https://www.east.is/static/extras/images/md/2_rhombie_eistnaflug_2-1100x60591.jpg?v=1",
        "date": "2025-07-09",
        "location": {
            "city": "Neskaupstaður",
            "latitude": 65.1486,
            "longitude": -13.7141
        },
        "url": "https://www.facebook.com/EistnaflugFestival/?locale=is_IS"
    },
    {
        "name": "LungA",
        "description": "Listahátíð á Seyðisfirði með áherslu á skapandi vinnustofur og tónleika.",
        "events": ["vinnustofur", "tónleikar", "sýningar"],
        "imageUrl": "https://www.lunga.is/24-banner-2.png",
        "date": "2025-07-13",
        "location": {
            "city": "Seyðisfjörður",
            "latitude": 65.2621,
            "longitude": -14.0000
        },
        "url": "https://www.lunga.is"
    },
    {
        "name": "Bræðslan",
        "description": "Tónlistarhátíð haldin í gömlu síldarbræðslunni á Borgarfirði eystri með áherslu á íslenska tónlist.",
        "events": ["tónleikar", "markaðir"],
        "imageUrl": "https://braedslan.is/wp-content/uploads/2020/11/cropped-BraedslanLogo.png",
        "date": "2025-07-25",
        "location": {
            "city": "Borgarfjörður eystri",
            "latitude": 65.5189,
            "longitude": -13.8150
        },
        "url": "https://www.braedslan.is"
    },
    {
        "name": "Við Djúpið",
        "description": "Tónlistarhátíð á Ísafirði með klassískri tónlist og námskeiðum fyrir unga tónlistarmenn.",
        "events": ["tónleikar", "námskeið"],
        "imageUrl": "https://i0.wp.com/thefjordhub.is/wp-content/uploads/2024/09/IMG_0914.jpg?fit=600%2C400&ssl=1",
        "date": "2025-06-10",
        "location": {
            "city": "Ísafjörður",
            "latitude": 66.0758,
            "longitude": -23.1356
        },
        "url": "https://thefjordhub.is/vid-djupid/"
    },
    {
        "name": "Reykjavík Midsummer Music",
        "description": "Kammertónlistarhátíð í Reykjavík undir listrænni stjórn Víkingur Heiðars Ólafssonar.",
        "events": ["tónleikar", "meistaranámskeið"],
        "imageUrl": "https://reykjavikmidsummermusic.com/app/uploads/2016/03/home-slide-2-1140x640.jpg",
        "date": "2025-06-21",
        "location": {
            "city": "Reykjavík",
            "latitude": 64.1466,
            "longitude": -21.9426
        },
        "url": "https://reykjavikmidsummermusic.com/"
    },
    {
        "name": "Sólstöðuhátíð á Akureyri",
        "description": "Fjölskylduvæn hátíð á Akureyri með tónleikum, leikjum og ýmsum viðburðum til að fagna sumarsólstöðum.",
        "events": ["tónleikar", "leikir", "fjölskylduskemmtun"],
        "imageUrl": "https://www.akureyri.is/static/calendar/images/lg/submit_1641224366.jpg?v=1739051832",
        "date": "2025-06-21",
        "location": {
            "city": "Akureyri",
            "latitude": 65.6885,
            "longitude": -18.1262
        },
        "url": "https://www.visitakureyri.is/is/see-and-do/hatidir-vidburdir/summer-solstice-festival-in-grimsey-june"
    },
    {
        "name": "Reykjavík International Film Festival",
        "description": "Alþjóðleg kvikmyndahátíð haldin í Reykjavík með sýningum á nýjum og spennandi kvikmyndum.",
        "events": ["kvikmyndasýningar", "Q&A viðburðir"],
        "imageUrl": "https://upload.wikimedia.org/wikipedia/commons/b/b6/Logoriff2.png",
        "date": "2025-09-24",
        "location": {
            "city": "Reykjavík",
            "latitude": 64.1466,
            "longitude": -21.9426
        },
        "url": "https://www.riff.is"
    },
    {
        "name": "Iceland Airwaves",
        "description": "Tónlistarhátíð haldin í Reykjavík með áherslu á nýja og spennandi tónlist frá Íslandi og erlendis.",
        "events": ["tónleikar", "klúbbakvöld"],
        "imageUrl": "https://static.independent.co.uk/2022/11/08/15/newFile-2.jpg",
        "date": "2025-11-05",
        "location": {
            "city": "Reykjavík",
            "latitude": 64.1466,
            "longitude": -21.9426
        },
        "url": "https://www.icelandairwaves.is"
    },
    {
        "name": "Jólahátíð í Hafnarfirði",
        "description": "Jólahátíð haldin í Hafnarfirði með jólamarkaði, tónleikum og fjölskylduskemmtun.",
        "events": ["jólamarkaður", "tónleikar", "fjölskylduskemmtun"],
        "imageUrl": "https://hafnarfjordur.is/wp-content/uploads/2023/01/Jolabaerinn_Final_0088-1800x1200.jpg",
        "date": "2025-12-01",
        "location": {
            "city": "Hafnarfjörður",
            "latitude": 64.0670,
            "longitude": -21.9370
        },
        "url": "https://www.facebook.com/jolathorp/?locale=is_IS"
    }
]